{
  "stats": {
    "suites": 11,
    "tests": 14,
    "passes": 11,
    "pending": 0,
    "failures": 3,
    "start": "2022-01-13T09:28:50.001Z",
    "end": "2022-01-13T23:08:36.968Z",
    "duration": 114734,
    "testsRegistered": 14,
    "passPercent": 78.57142857142857,
    "pendingPercent": 0,
    "other": 0,
    "hasOther": false,
    "skipped": 0,
    "hasSkipped": false
  },
  "results": [
    {
      "uuid": "b020c155-d59e-414e-be16-2f33d012835d",
      "title": "",
      "fullFile": "cypress/integration/10_loansummary_test.js",
      "file": "cypress/integration/10_loansummary_test.js",
      "beforeHooks": [],
      "afterHooks": [],
      "tests": [],
      "suites": [
        {
          "uuid": "1636c4e9-ffd0-48fc-9e21-1e2c7be4f227",
          "title": "A registered user should be able to login and navigate to loan summary page",
          "fullFile": "",
          "file": "",
          "beforeHooks": [],
          "afterHooks": [],
          "tests": [
            {
              "title": "user should be able to navigate to documents verify functionality",
              "fullTitle": "A registered user should be able to login and navigate to loan summary page user should be able to navigate to documents verify functionality",
              "timedOut": null,
              "duration": 12426,
              "state": "passed",
              "speed": "slow",
              "pass": true,
              "fail": false,
              "pending": false,
              "context": null,
              "code": "cy.wait(5000);\ncy.url().should('include', '/activity');\ncy.get('[href=\"/loans/LN-5K9P-RWYB/summary\"] > .ActivityTabs__Label-sc-1ci0pcd-3').contains('Summary').should('exist').click();\ncy.get(':nth-child(1) > .SectionTitle__InfoHeader-sc-blm3fw-0 > h3').should('be.visible');",
              "err": {},
              "uuid": "d554ef43-4e62-470a-a134-8811ae5d6810",
              "parentUUID": "1636c4e9-ffd0-48fc-9e21-1e2c7be4f227",
              "isHook": false,
              "skipped": false
            }
          ],
          "suites": [],
          "passes": [
            "d554ef43-4e62-470a-a134-8811ae5d6810"
          ],
          "failures": [],
          "pending": [],
          "skipped": [],
          "duration": 12426,
          "root": false,
          "rootEmpty": false,
          "_timeout": 2000
        }
      ],
      "passes": [],
      "failures": [],
      "pending": [],
      "skipped": [],
      "duration": 0,
      "root": true,
      "rootEmpty": true,
      "_timeout": 2000
    },
    {
      "uuid": "b288ece4-b675-4381-8fc6-bf3ea628c5de",
      "title": "",
      "fullFile": "cypress/integration/peachFinanceTests/changenickname_test.js",
      "file": "cypress/integration/peachFinanceTests/changenickname_test.js",
      "beforeHooks": [],
      "afterHooks": [],
      "tests": [],
      "suites": [
        {
          "uuid": "2fe23d01-4209-4b28-bc06-5d81789a7c8a",
          "title": "user should be able to change nickname",
          "fullFile": "",
          "file": "",
          "beforeHooks": [],
          "afterHooks": [],
          "tests": [
            {
              "title": "nickname change should work",
              "fullTitle": "user should be able to change nickname nickname change should work",
              "timedOut": null,
              "duration": 12569,
              "state": "passed",
              "speed": "slow",
              "pass": true,
              "fail": false,
              "pending": false,
              "context": null,
              "code": "cy.wait(5000);\ncy.get('button[label=\"Loan\"]').click();\ncy.contains('Change nickname').should('exist').click();\ncy.get('.Modal__ModalActions-sc-1iof6kt-6 > :nth-child(1)').click();",
              "err": {},
              "uuid": "ae141386-2a46-41a6-a8f1-63ac5ed6a340",
              "parentUUID": "2fe23d01-4209-4b28-bc06-5d81789a7c8a",
              "isHook": false,
              "skipped": false
            }
          ],
          "suites": [],
          "passes": [
            "ae141386-2a46-41a6-a8f1-63ac5ed6a340"
          ],
          "failures": [],
          "pending": [],
          "skipped": [],
          "duration": 12569,
          "root": false,
          "rootEmpty": false,
          "_timeout": 2000
        }
      ],
      "passes": [],
      "failures": [],
      "pending": [],
      "skipped": [],
      "duration": 0,
      "root": true,
      "rootEmpty": true,
      "_timeout": 2000
    },
    {
      "uuid": "07f4bc53-8b36-4db6-8fed-a9caa367bd7a",
      "title": "",
      "fullFile": "cypress/integration/peachFinanceTests/changepaymentduedate_test.js",
      "file": "cypress/integration/peachFinanceTests/changepaymentduedate_test.js",
      "beforeHooks": [],
      "afterHooks": [],
      "tests": [],
      "suites": [
        {
          "uuid": "59542258-318c-488b-98bf-804a862093f7",
          "title": "user should be able to login and change due date",
          "fullFile": "",
          "file": "",
          "beforeHooks": [],
          "afterHooks": [],
          "tests": [
            {
              "title": "user should be able to make edits to change due",
              "fullTitle": "user should be able to login and change due date user should be able to make edits to change due",
              "timedOut": null,
              "duration": 20872,
              "state": "passed",
              "speed": "slow",
              "pass": true,
              "fail": false,
              "pending": false,
              "context": null,
              "code": "cy.wait(5000);\ncy.get('button[label=\"Loan\"]').click();\ncy.contains('Change due date').click();\ncy.url().should('include', '/change-due-date');\ncy.get('.select__value-container').click();\ncy.get('#react-select-2-option-3').click();\ncy.get('.frequency-dates > .select > .select__control > .select__value-container').click(); // Verify edits made save successfully\ncy.get('#react-select-3-option-30').should('exist').click();\ncy.get('[data-cy=\"submit\"]').click();\ncy.wait(5000);\ncy.get('[data-cy=\"submit\"]').click({\n  force: true\n});",
              "err": {},
              "uuid": "110b575e-0eb6-478e-9834-c2ff9ceb5687",
              "parentUUID": "59542258-318c-488b-98bf-804a862093f7",
              "isHook": false,
              "skipped": false
            }
          ],
          "suites": [],
          "passes": [
            "110b575e-0eb6-478e-9834-c2ff9ceb5687"
          ],
          "failures": [],
          "pending": [],
          "skipped": [],
          "duration": 20872,
          "root": false,
          "rootEmpty": false,
          "_timeout": 2000
        }
      ],
      "passes": [],
      "failures": [],
      "pending": [],
      "skipped": [],
      "duration": 0,
      "root": true,
      "rootEmpty": true,
      "_timeout": 2000
    },
    {
      "uuid": "bd4fa9a4-dccc-499a-b24e-5c978cda1561",
      "title": "",
      "fullFile": "cypress/integration/peachFinanceTests/getpayoffstatement_test.js",
      "file": "cypress/integration/peachFinanceTests/getpayoffstatement_test.js",
      "beforeHooks": [],
      "afterHooks": [],
      "tests": [],
      "suites": [
        {
          "uuid": "0b5c7778-7911-4ad4-90f8-cee6a186b125",
          "title": "User should be able to login and access Get Pay Off Statements",
          "fullFile": "",
          "file": "",
          "beforeHooks": [],
          "afterHooks": [],
          "tests": [
            {
              "title": "User should be able to get payoff statement",
              "fullTitle": "User should be able to login and access Get Pay Off Statements User should be able to get payoff statement",
              "timedOut": null,
              "duration": 291,
              "state": "failed",
              "speed": null,
              "pass": false,
              "fail": true,
              "pending": false,
              "context": null,
              "code": "cy.wait(5000);\ncy.get('button[label=\"Loan\"]').click();\ncy.contains('Get payoff statement').click();\ncy.url().should('include', '/get-payoff-statement');\ncy.get('[data-cy=\"radio-Email\"] > [data-testid=\"label-no-custom-field\"]').click();\ncy.get('.select__value-container').click();\ncy.get('#react-select-2-option-1').click();\ncy.get('button[class=\"Button__StyledButton-sc-1irh7c3-0 cJMvVs button border-none secondary\"]').click(); // Verify Statement sends as expected\ncy.wait(5000);\ncy.contains('Payoff statement successfully sent.').should('exist');",
              "err": {
                "message": "CypressError: `cy.click()` failed because it requires a DOM element.\n\nThe subject received was:\n\n  > `undefined`\n\nThe previous command that ran was:\n\n  > `cy.get()`\n\nBecause this error occurred during a `after each` hook we are skipping the remaining tests in the current suite: `User should be able to logi...`",
                "estack": "CypressError: `cy.click()` failed because it requires a DOM element.\n\nThe subject received was:\n\n  > `undefined`\n\nThe previous command that ran was:\n\n  > `cy.get()`\n\nBecause this error occurred during a `after each` hook we are skipping the remaining tests in the current suite: `User should be able to logi...`\n    at ensureElement (https://peach-borrower.peach-dev.finance/__cypress/runner/cypress_runner.js:162817:76)\n    at validateType (https://peach-borrower.peach-dev.finance/__cypress/runner/cypress_runner.js:162640:16)\n    at $Cy.ensureSubjectByType (https://peach-borrower.peach-dev.finance/__cypress/runner/cypress_runner.js:162676:9)\n    at $Cy.pushSubjectAndValidate (https://peach-borrower.peach-dev.finance/__cypress/runner/cypress_runner.js:172648:12)\n    at Context.<anonymous> (https://peach-borrower.peach-dev.finance/__cypress/runner/cypress_runner.js:172080:19)\nFrom Your Spec Code:\n    at Context.eval (https://peach-borrower.peach-dev.finance/__cypress/tests?p=cypress/support/index.js:147:65)",
                "diff": null
              },
              "uuid": "7d1fd465-7f69-4c84-8e61-ea1bead506a2",
              "parentUUID": "0b5c7778-7911-4ad4-90f8-cee6a186b125",
              "isHook": false,
              "skipped": false
            }
          ],
          "suites": [],
          "passes": [],
          "failures": [
            "7d1fd465-7f69-4c84-8e61-ea1bead506a2"
          ],
          "pending": [],
          "skipped": [],
          "duration": 291,
          "root": false,
          "rootEmpty": false,
          "_timeout": 2000
        }
      ],
      "passes": [],
      "failures": [],
      "pending": [],
      "skipped": [],
      "duration": 0,
      "root": true,
      "rootEmpty": true,
      "_timeout": 2000
    },
    {
      "uuid": "2dd99acb-be16-4138-8f7f-81e489d4a457",
      "title": "",
      "fullFile": "cypress/integration/peachFinanceTests/loanpayment_test.js",
      "file": "cypress/integration/peachFinanceTests/loanpayment_test.js",
      "beforeHooks": [],
      "afterHooks": [],
      "tests": [],
      "suites": [
        {
          "uuid": "af57a87a-bc09-4ebd-a16a-774cc0a820fc",
          "title": "Loan Payment",
          "fullFile": "",
          "file": "",
          "beforeHooks": [],
          "afterHooks": [],
          "tests": [
            {
              "title": "dashboard should display",
              "fullTitle": "Loan Payment dashboard should display",
              "timedOut": null,
              "duration": 7019,
              "state": "passed",
              "speed": "medium",
              "pass": true,
              "fail": false,
              "pending": false,
              "context": null,
              "code": "cy.wait(5000);\ncy.url().should('include', '/loans');",
              "err": {},
              "uuid": "62e077e2-598c-4dec-ae4a-f5ce01e6f698",
              "parentUUID": "af57a87a-bc09-4ebd-a16a-774cc0a820fc",
              "isHook": false,
              "skipped": false
            },
            {
              "title": "make payment",
              "fullTitle": "Loan Payment make payment",
              "timedOut": null,
              "duration": 265,
              "state": "failed",
              "speed": null,
              "pass": false,
              "fail": true,
              "pending": false,
              "context": null,
              "code": "cy.get('[href=\"/loans/LN-5K9P-RWYB/make-payment\"] > .Button__StyledButton-sc-1irh7c3-0').click();\ncy.url().should('include', '/make-payment');\ncy.get('input[id=\"Upcoming + Overdue\"]').check({\n  force: true\n});\ncy.get('.select__value-container').click();\ncy.contains('Debit Card').click();\ncy.get('[data-cy=\"submit\"]').click();",
              "err": {
                "message": "CypressError: `cy.click()` failed because it requires a DOM element.\n\nThe subject received was:\n\n  > `undefined`\n\nThe previous command that ran was:\n\n  > `cy.get()`\n\nBecause this error occurred during a `after each` hook we are skipping the remaining tests in the current suite: `Loan Payment`",
                "estack": "CypressError: `cy.click()` failed because it requires a DOM element.\n\nThe subject received was:\n\n  > `undefined`\n\nThe previous command that ran was:\n\n  > `cy.get()`\n\nBecause this error occurred during a `after each` hook we are skipping the remaining tests in the current suite: `Loan Payment`\n    at ensureElement (https://peach-borrower.peach-dev.finance/__cypress/runner/cypress_runner.js:162817:76)\n    at validateType (https://peach-borrower.peach-dev.finance/__cypress/runner/cypress_runner.js:162640:16)\n    at $Cy.ensureSubjectByType (https://peach-borrower.peach-dev.finance/__cypress/runner/cypress_runner.js:162676:9)\n    at $Cy.pushSubjectAndValidate (https://peach-borrower.peach-dev.finance/__cypress/runner/cypress_runner.js:172648:12)\n    at Context.<anonymous> (https://peach-borrower.peach-dev.finance/__cypress/runner/cypress_runner.js:172080:19)\nFrom Your Spec Code:\n    at Context.eval (https://peach-borrower.peach-dev.finance/__cypress/tests?p=cypress/support/index.js:147:65)",
                "diff": null
              },
              "uuid": "bb7f6912-922c-4315-b713-42a8ac3c4675",
              "parentUUID": "af57a87a-bc09-4ebd-a16a-774cc0a820fc",
              "isHook": false,
              "skipped": false
            }
          ],
          "suites": [],
          "passes": [
            "62e077e2-598c-4dec-ae4a-f5ce01e6f698"
          ],
          "failures": [
            "bb7f6912-922c-4315-b713-42a8ac3c4675"
          ],
          "pending": [],
          "skipped": [],
          "duration": 7284,
          "root": false,
          "rootEmpty": false,
          "_timeout": 2000
        }
      ],
      "passes": [],
      "failures": [],
      "pending": [],
      "skipped": [],
      "duration": 0,
      "root": true,
      "rootEmpty": true,
      "_timeout": 2000
    },
    {
      "uuid": "714bc3f3-e7da-488a-aece-7d423b5f6f26",
      "title": "",
      "fullFile": "cypress/integration/peachFinanceTests/loanstatementsdoc_test.js",
      "file": "cypress/integration/peachFinanceTests/loanstatementsdoc_test.js",
      "beforeHooks": [],
      "afterHooks": [],
      "tests": [],
      "suites": [
        {
          "uuid": "c6c13669-4896-470a-bf23-332f91b3bb91",
          "title": "user should be able to go to loan statement documents",
          "fullFile": "",
          "file": "",
          "beforeHooks": [],
          "afterHooks": [],
          "tests": [
            {
              "title": "user should be able to navigate and view documents",
              "fullTitle": "user should be able to go to loan statement documents user should be able to navigate and view documents",
              "timedOut": null,
              "duration": 12413,
              "state": "passed",
              "speed": "slow",
              "pass": true,
              "fail": false,
              "pending": false,
              "context": null,
              "code": "cy.wait(5000);\ncy.url().should('include', '/activity');\ncy.get('[href=\"/loans/LN-5K9P-RWYB/documents\"] > .ActivityTabs__Label-sc-1ci0pcd-3').click();\ncy.get(':nth-child(2) > [data-testid=\"noShowMobile\"] > .InfoCardRow__ActionsGroup-sc-1nvu8fg-0 > .button-group > :nth-child(2)').click();",
              "err": {},
              "uuid": "e83da24a-256f-4534-8d51-6e8155677ff7",
              "parentUUID": "c6c13669-4896-470a-bf23-332f91b3bb91",
              "isHook": false,
              "skipped": false
            }
          ],
          "suites": [],
          "passes": [
            "e83da24a-256f-4534-8d51-6e8155677ff7"
          ],
          "failures": [],
          "pending": [],
          "skipped": [],
          "duration": 12413,
          "root": false,
          "rootEmpty": false,
          "_timeout": 2000
        }
      ],
      "passes": [],
      "failures": [],
      "pending": [],
      "skipped": [],
      "duration": 0,
      "root": true,
      "rootEmpty": true,
      "_timeout": 2000
    },
    {
      "uuid": "cd18388f-250d-484d-9ad9-a1629426083d",
      "title": "",
      "fullFile": "cypress/integration/peachFinanceTests/loansummary_test.js",
      "file": "cypress/integration/peachFinanceTests/loansummary_test.js",
      "beforeHooks": [],
      "afterHooks": [],
      "tests": [],
      "suites": [
        {
          "uuid": "fe7dc7f5-49af-4b91-ae66-dbc1072324cb",
          "title": "user should be able to login and navigate to loan summary page",
          "fullFile": "",
          "file": "",
          "beforeHooks": [],
          "afterHooks": [],
          "tests": [
            {
              "title": "user should be able to navigate to documents verify functionality",
              "fullTitle": "user should be able to login and navigate to loan summary page user should be able to navigate to documents verify functionality",
              "timedOut": null,
              "duration": 12346,
              "state": "passed",
              "speed": "slow",
              "pass": true,
              "fail": false,
              "pending": false,
              "context": null,
              "code": "cy.wait(5000);\ncy.url().should('include', '/activity');\ncy.get('[href=\"/loans/LN-5K9P-RWYB/summary\"] > .ActivityTabs__Label-sc-1ci0pcd-3').contains('Summary').should('exist').click();\ncy.get(':nth-child(1) > .SectionTitle__InfoHeader-sc-blm3fw-0 > h3').should('be.visible');",
              "err": {},
              "uuid": "a948defa-d5ce-4c82-9a9b-6720a127fead",
              "parentUUID": "fe7dc7f5-49af-4b91-ae66-dbc1072324cb",
              "isHook": false,
              "skipped": false
            }
          ],
          "suites": [],
          "passes": [
            "a948defa-d5ce-4c82-9a9b-6720a127fead"
          ],
          "failures": [],
          "pending": [],
          "skipped": [],
          "duration": 12346,
          "root": false,
          "rootEmpty": false,
          "_timeout": 2000
        }
      ],
      "passes": [],
      "failures": [],
      "pending": [],
      "skipped": [],
      "duration": 0,
      "root": true,
      "rootEmpty": true,
      "_timeout": 2000
    },
    {
      "uuid": "32cb4ddf-55d9-4573-8c7a-67b355db3699",
      "title": "",
      "fullFile": "cypress/integration/peachFinanceTests/login_test.js",
      "file": "cypress/integration/peachFinanceTests/login_test.js",
      "beforeHooks": [],
      "afterHooks": [],
      "tests": [],
      "suites": [
        {
          "uuid": "fcbb4a61-41be-458f-9c25-c0e7bf5e459b",
          "title": "A registered user should be able to successfully login",
          "fullFile": "",
          "file": "",
          "beforeHooks": [],
          "afterHooks": [],
          "tests": [
            {
              "title": "Login page should load",
              "fullTitle": "A registered user should be able to successfully login Login page should load",
              "timedOut": null,
              "duration": 1075,
              "state": "passed",
              "speed": "fast",
              "pass": true,
              "fail": false,
              "pending": false,
              "context": null,
              "code": "cy.contains('Account Login').should('exist');\ncy.contains('Continue').should('exist');\ncy.log('Verify Help link displays');\ncy.contains('Help').should('exist');",
              "err": {},
              "uuid": "83621bb2-37a1-4bfc-b315-e0c59a95f067",
              "parentUUID": "fcbb4a61-41be-458f-9c25-c0e7bf5e459b",
              "isHook": false,
              "skipped": false
            },
            {
              "title": "Login should work as expected",
              "fullTitle": "A registered user should be able to successfully login Login should work as expected",
              "timedOut": null,
              "duration": 8024,
              "state": "passed",
              "speed": "medium",
              "pass": true,
              "fail": false,
              "pending": false,
              "context": null,
              "code": "cy.log('Entering Correct Credentials then Click Continue');\ncy.login('auto.user+bo-pboq-2qlj@peachfinance.com', 'hello12345'); //Verify login was successful\ncy.url().should('include', '/loans');\ncy.wait(5000); // Logout from portal - Verify logout was successful\ncy.log('User Logs Out');\nit('Logout and verify logout was successful');\ncy.logout();",
              "err": {},
              "uuid": "b6a82a16-97c3-4c6e-8551-b61d093ae4f6",
              "parentUUID": "fcbb4a61-41be-458f-9c25-c0e7bf5e459b",
              "isHook": false,
              "skipped": false
            }
          ],
          "suites": [],
          "passes": [
            "83621bb2-37a1-4bfc-b315-e0c59a95f067",
            "b6a82a16-97c3-4c6e-8551-b61d093ae4f6"
          ],
          "failures": [],
          "pending": [],
          "skipped": [],
          "duration": 9099,
          "root": false,
          "rootEmpty": false,
          "_timeout": 2000
        }
      ],
      "passes": [],
      "failures": [],
      "pending": [],
      "skipped": [],
      "duration": 0,
      "root": true,
      "rootEmpty": true,
      "_timeout": 2000
    },
    {
      "uuid": "9865eaef-aa20-405a-83b8-1252ecd4cc79",
      "title": "",
      "fullFile": "cypress/integration/peachFinanceTests/newpaymentmethod_test.js",
      "file": "cypress/integration/peachFinanceTests/newpaymentmethod_test.js",
      "beforeHooks": [],
      "afterHooks": [],
      "tests": [],
      "suites": [
        {
          "uuid": "0efe9e2b-d65e-4238-8167-b8454c76b500",
          "title": "User should be able to remove payment method successfully",
          "fullFile": "",
          "file": "",
          "beforeHooks": [],
          "afterHooks": [],
          "tests": [
            {
              "title": "user should be able to remove payment method of choice",
              "fullTitle": "User should be able to remove payment method successfully user should be able to remove payment method of choice",
              "timedOut": null,
              "duration": 12167,
              "state": "failed",
              "speed": null,
              "pass": false,
              "fail": true,
              "pending": false,
              "context": null,
              "code": "cy.log('Adding New Payment Method');\ncy.addpaymentMethod();\ncy.log('User Logs Out Of Portal');\ncy.logout();",
              "err": {
                "message": "AssertionError: Timed out retrying after 4000ms: Expected to find element: `input[name=\"first name\"]`, but never found it.",
                "estack": "AssertionError: Timed out retrying after 4000ms: Expected to find element: `input[name=\"first name\"]`, but never found it.\n    at Context.eval (https://peach-borrower.peach-dev.finance/__cypress/tests?p=cypress/support/index.js:175:6)",
                "diff": null
              },
              "uuid": "7f070ffc-3413-46e8-a2b9-e01647f0c68e",
              "parentUUID": "0efe9e2b-d65e-4238-8167-b8454c76b500",
              "isHook": false,
              "skipped": false
            }
          ],
          "suites": [],
          "passes": [],
          "failures": [
            "7f070ffc-3413-46e8-a2b9-e01647f0c68e"
          ],
          "pending": [],
          "skipped": [],
          "duration": 12167,
          "root": false,
          "rootEmpty": false,
          "_timeout": 2000
        }
      ],
      "passes": [],
      "failures": [],
      "pending": [],
      "skipped": [],
      "duration": 0,
      "root": true,
      "rootEmpty": true,
      "_timeout": 2000
    },
    {
      "uuid": "db8de5f6-e938-46de-84dc-1c3441bb7c4b",
      "title": "",
      "fullFile": "cypress/integration/peachFinanceTests/paymentmethods_test.js",
      "file": "cypress/integration/peachFinanceTests/paymentmethods_test.js",
      "beforeHooks": [],
      "afterHooks": [],
      "tests": [],
      "suites": [
        {
          "uuid": "555fb789-2e66-4f4e-b5ef-ffad44218284",
          "title": "ManagePaymentMethod",
          "fullFile": "",
          "file": "",
          "beforeHooks": [],
          "afterHooks": [],
          "tests": [
            {
              "title": "payment method edits",
              "fullTitle": "ManagePaymentMethod payment method edits",
              "timedOut": null,
              "duration": 12550,
              "state": "passed",
              "speed": "slow",
              "pass": true,
              "fail": false,
              "pending": false,
              "context": null,
              "code": "cy.wait(5000);\ncy.get('button[label=\"Loan\"]').click();\ncy.contains('Manage payment methods').click();\ncy.url().should('include', '/payment-methods');\ncy.get('.PaymentMethod__PaymentMethodSelection-sc-1883y6-2 > .Button__StyledButton-sc-1irh7c3-0').should('exist');",
              "err": {},
              "uuid": "2cfa3820-62e4-45a7-981c-decbeaadcc59",
              "parentUUID": "555fb789-2e66-4f4e-b5ef-ffad44218284",
              "isHook": false,
              "skipped": false
            }
          ],
          "suites": [],
          "passes": [
            "2cfa3820-62e4-45a7-981c-decbeaadcc59"
          ],
          "failures": [],
          "pending": [],
          "skipped": [],
          "duration": 12550,
          "root": false,
          "rootEmpty": false,
          "_timeout": 2000
        }
      ],
      "passes": [],
      "failures": [],
      "pending": [],
      "skipped": [],
      "duration": 0,
      "root": true,
      "rootEmpty": true,
      "_timeout": 2000
    },
    {
      "uuid": "257dbcc4-f9bf-4e7b-aa22-f575dba1991e",
      "title": "",
      "fullFile": "cypress/integration/peachFinanceTests/wronglogin_test.js",
      "file": "cypress/integration/peachFinanceTests/wronglogin_test.js",
      "beforeHooks": [],
      "afterHooks": [],
      "tests": [],
      "suites": [
        {
          "uuid": "224ec59f-37bc-4258-ad7e-89a96feacd90",
          "title": "A registered user should not be able to login with wrong credentials",
          "fullFile": "",
          "file": "",
          "beforeHooks": [],
          "afterHooks": [],
          "tests": [
            {
              "title": "Login page should load",
              "fullTitle": "A registered user should not be able to login with wrong credentials Login page should load",
              "timedOut": null,
              "duration": 1087,
              "state": "passed",
              "speed": "fast",
              "pass": true,
              "fail": false,
              "pending": false,
              "context": null,
              "code": "cy.contains('Account Login');\ncy.contains('Account Login').should('exist');\ncy.contains('Continue').should('exist');\ncy.log('Verify Help link displays');\ncy.contains('Help').should('exist');",
              "err": {},
              "uuid": "cc098aa3-dd1b-46ae-8656-f3d9c5952864",
              "parentUUID": "224ec59f-37bc-4258-ad7e-89a96feacd90",
              "isHook": false,
              "skipped": false
            },
            {
              "title": "Login should not work as expected",
              "fullTitle": "A registered user should not be able to login with wrong credentials Login should not work as expected",
              "timedOut": null,
              "duration": 1630,
              "state": "passed",
              "speed": "fast",
              "pass": true,
              "fail": false,
              "pending": false,
              "context": null,
              "code": "cy.log('Entering Wrong Login Credentials Then Click Continue');\ncy.login('auto.user+bo-pboq-2qlj@peachfinances.com', 'hello1234'); //Error message is shown and we remain on the login page\ncy.contains('.LoginSubmitButton__ErrorMessage-sc-t1j2zs-3', 'Not authorized');\ncy.url().should('contain', '/login');",
              "err": {},
              "uuid": "57d9c511-b8f7-4e0e-8149-b0a7ffc348b5",
              "parentUUID": "224ec59f-37bc-4258-ad7e-89a96feacd90",
              "isHook": false,
              "skipped": false
            }
          ],
          "suites": [],
          "passes": [
            "cc098aa3-dd1b-46ae-8656-f3d9c5952864",
            "57d9c511-b8f7-4e0e-8149-b0a7ffc348b5"
          ],
          "failures": [],
          "pending": [],
          "skipped": [],
          "duration": 2717,
          "root": false,
          "rootEmpty": false,
          "_timeout": 2000
        }
      ],
      "passes": [],
      "failures": [],
      "pending": [],
      "skipped": [],
      "duration": 0,
      "root": true,
      "rootEmpty": true,
      "_timeout": 2000
    }
  ],
  "meta": {
    "mocha": {
      "version": "7.0.1"
    },
    "mochawesome": {
      "options": {
        "quiet": false,
        "reportFilename": "mochawesome",
        "saveHtml": false,
        "saveJson": true,
        "consoleReporter": "spec",
        "useInlineDiffs": false,
        "code": true
      },
      "version": "7.0.1"
    },
    "marge": {
      "options": {
        "overwrite": true,
        "html": false,
        "json": true,
        "reportDir": "cypress/reports/mochawesome-report"
      },
      "version": "6.0.1"
    }
  }
}